Threshold,Method,Model,Accuracy_Mean,Accuracy_Std,Cohen_Kappa_Mean,Cohen_Kappa_Std,Num_Edges_Mean,Num_Edges_Std,Num_Nodes_Mean,Num_Nodes_Std,Modularity_Mean,Modularity_Std,Num_Communities_Mean,Num_Communities_Std,Avg_Community_Size_Mean,Avg_Community_Size_Std,Avg_Clustering_Mean,Avg_Clustering_Std,Graph_Density_Mean,Graph_Density_Std,Avg_Degree_Mean,Avg_Degree_Std,Nodes_Removed_Mean,Nodes_Removed_Std,Edges_Removed_Mean,Edges_Removed_Std,Percent_Nodes_Retained_Mean,Percent_Nodes_Retained_Std,Percent_Edges_Retained_Mean,Percent_Edges_Retained_Std
0.0,blackhole,GAT,0.6108237166732988,,0.4494691395800695,,414650.0,,12561.0,,0.8341194672965462,,876.0,,14.33904109589041,,0.6934126532041801,,0.005256513817665335,,66.0218135498766,,0.0,,0.0,,100.0,,100.0,
0.0,blackhole,GCN,0.6179864703541583,,0.46035807914962923,,414650.0,,12561.0,,0.8341194672965462,,876.0,,14.33904109589041,,0.6934126532041801,,0.005256513817665335,,66.0218135498766,,0.0,,0.0,,100.0,,100.0,
0.0,blackhole,GraphSAGE,0.6128133704735376,,0.4528858234461618,,414650.0,,12561.0,,0.8341194672965462,,876.0,,14.33904109589041,,0.6934126532041801,,0.005256513817665335,,66.0218135498766,,0.0,,0.0,,100.0,,100.0,
0.1,blackhole,GAT,0.630472741252923,0.010814069758565194,0.4747046440225479,0.011726296401874387,288575.2,1945.9898252560317,11033.2,12.08120670941258,0.8471687113324862,0.002391400922476389,705.6,11.157458890306918,15.640023867616694,0.23936213898215755,0.6090404387422363,0.0027174583967654537,0.004741616201577144,3.290897498860176e-05,52.31036892228369,0.3533331471313881,1527.8,12.081206709412578,126074.8,1945.9898252560313,87.83695565639678,0.09618029384135432,69.59488725431086,0.4693090136876953
0.1,blackhole,GCN,0.599587660015479,0.011938574054415394,0.43956921421105183,0.014960877954170173,288575.2,1945.9898252560317,11033.2,12.08120670941258,0.8471687113324862,0.002391400922476389,705.6,11.157458890306918,15.640023867616694,0.23936213898215755,0.6090404387422363,0.0027174583967654537,0.004741616201577144,3.290897498860176e-05,52.31036892228369,0.3533331471313881,1527.8,12.081206709412578,126074.8,1945.9898252560313,87.83695565639678,0.09618029384135432,69.59488725431086,0.4693090136876953
0.1,blackhole,GraphSAGE,0.6168251157869604,0.007202165052755779,0.456206220044942,0.0077404853032310384,288575.2,1945.9898252560317,11033.2,12.08120670941258,0.8471687113324862,0.002391400922476389,705.6,11.157458890306918,15.640023867616694,0.23936213898215755,0.6090404387422363,0.0027174583967654537,0.004741616201577144,3.290897498860176e-05,52.31036892228369,0.3533331471313881,1527.8,12.081206709412578,126074.8,1945.9898252560313,87.83695565639678,0.09618029384135432,69.59488725431086,0.4693090136876953
0.1,stratified,GAT,0.6096213256128032,0.03170946599031518,0.4449193670482165,0.039428151984431316,184201.9,597.9123774526759,9526.3,8.667307668602875,0.8261678074750798,0.0002902086795175761,700.1,5.762908216439952,13.607806867659344,0.10152504334737487,0.4912491615144988,0.0028571593251062863,0.004059974744764948,1.809005074131264e-05,38.672367403605406,0.1465841422470488,3034.7,8.667307668602875,230448.1,597.9123774526759,75.84029933922457,0.06900173289230874,44.42346557337514,0.14419688350480486
0.1,stratified,GCN,0.5556166555100592,0.03627308494154932,0.38096482207458776,0.045097261405893596,184201.9,597.9123774526759,9526.3,8.667307668602875,0.8261678074750798,0.0002902086795175761,700.1,5.762908216439952,13.607806867659344,0.10152504334737487,0.4912491615144988,0.0028571593251062863,0.004059974744764948,1.809005074131264e-05,38.672367403605406,0.1465841422470488,3034.7,8.667307668602875,230448.1,597.9123774526759,75.84029933922457,0.06900173289230874,44.42346557337514,0.14419688350480486
0.1,stratified,GraphSAGE,0.5781122820062474,0.01566932255598399,0.40684080298623115,0.018827018170827953,184201.9,597.9123774526759,9526.3,8.667307668602875,0.8261678074750798,0.0002902086795175761,700.1,5.762908216439952,13.607806867659344,0.10152504334737487,0.4912491615144988,0.0028571593251062863,0.004059974744764948,1.809005074131264e-05,38.672367403605406,0.1465841422470488,3034.7,8.667307668602875,230448.1,597.9123774526759,75.84029933922457,0.06900173289230874,44.42346557337514,0.14419688350480486
0.2,blackhole,GAT,0.631020174646621,0.021870224823465446,0.47400849016158453,0.024583537564829214,220974.5,3078.409374624788,9625.0,16.64665465224503,0.8563619325667922,0.003156995031750331,678.2,8.727988186161674,14.19396324799807,0.17264725659004312,0.6143217665556382,0.0020169606152428392,0.0047710884440312195,6.69307958160533e-05,45.916805367860874,0.636980640326085,2936.0,16.64665465224503,193675.5,3078.409374624788,76.62606480375766,0.1325265078596023,53.29181237187989,0.742411521674854
0.2,blackhole,GCN,0.5324914725523201,0.03237640220346605,0.3580944118248234,0.03847617792877816,220974.5,3078.409374624788,9625.0,16.64665465224503,0.8563619325667922,0.003156995031750331,678.2,8.727988186161674,14.19396324799807,0.17264725659004312,0.6143217665556382,0.0020169606152428392,0.0047710884440312195,6.69307958160533e-05,45.916805367860874,0.636980640326085,2936.0,16.64665465224503,193675.5,3078.409374624788,76.62606480375766,0.1325265078596023,53.29181237187989,0.742411521674854
0.2,blackhole,GraphSAGE,0.6009016309079361,0.01523190507452284,0.43931243271684767,0.018866975506476195,220974.5,3078.409374624788,9625.0,16.64665465224503,0.8563619325667922,0.003156995031750331,678.2,8.727988186161674,14.19396324799807,0.17264725659004312,0.6143217665556382,0.0020169606152428392,0.0047710884440312195,6.69307958160533e-05,45.916805367860874,0.636980640326085,2936.0,16.64665465224503,193675.5,3078.409374624788,76.62606480375766,0.1325265078596023,53.29181237187989,0.742411521674854
0.2,random,GAT,0.6154260143297625,0.010652785699031017,0.45060460196994995,0.01306366622717792,174838.5,1127.2699814645607,9485.6,4.5995168828427575,0.8311541685066874,7.26083277214132e-05,672.8,1.5491933384829668,14.098757069722364,0.032106426092720075,0.4411489105891112,0.0032192505168199335,0.0038867013065290905,2.1499753379150326e-05,36.86389140043531,0.22074478143653392,3075.4,4.5995168828427575,239811.5,1127.2699814645607,75.51628055091155,0.03661744194604369,42.1653201495237,0.2718606008596556
0.2,random,GCN,0.5286943067414387,0.0063199244468861975,0.3503185650030853,0.0070034181697560755,174838.5,1127.2699814645607,9485.6,4.5995168828427575,0.8311541685066874,7.26083277214132e-05,672.8,1.5491933384829668,14.098757069722364,0.032106426092720075,0.4411489105891112,0.0032192505168199335,0.0038867013065290905,2.1499753379150326e-05,36.86389140043531,0.22074478143653392,3075.4,4.5995168828427575,239811.5,1127.2699814645607,75.51628055091155,0.03661744194604369,42.1653201495237,0.2718606008596556
0.2,random,GraphSAGE,0.5811242496614962,0.005377727255895683,0.41028274257893305,0.0059012057502850065,174838.5,1127.2699814645607,9485.6,4.5995168828427575,0.8311541685066874,7.26083277214132e-05,672.8,1.5491933384829668,14.098757069722364,0.032106426092720075,0.4411489105891112,0.0032192505168199335,0.0038867013065290905,2.1499753379150326e-05,36.86389140043531,0.22074478143653392,3075.4,4.5995168828427575,239811.5,1127.2699814645607,75.51628055091155,0.03661744194604369,42.1653201495237,0.2718606008596556
0.2,stratified,GAT,0.6054525947994482,0.011957496017612567,0.4402334432666103,0.013926246936134439,154653.8,448.1147670457251,9337.5,10.895972752454103,0.824188497548632,0.0005119930597941668,682.9,7.27934673503666,13.674619880134435,0.13776513286817446,0.4170364409519614,0.0024927962990910673,0.00354796248022672,1.6516481322498103e-05,33.12541164583801,0.12259080407811843,3223.5,10.895972752454103,259996.2,448.1147670457251,74.33723429663243,0.08674446901085757,37.29743156879296,0.10807060582315854
0.2,stratified,GCN,0.5464486601115374,0.013107994297432068,0.3722318501266778,0.015170217454063514,154653.8,448.1147670457251,9337.5,10.895972752454103,0.824188497548632,0.0005119930597941668,682.9,7.27934673503666,13.674619880134435,0.13776513286817446,0.4170364409519614,0.0024927962990910673,0.00354796248022672,1.6516481322498103e-05,33.12541164583801,0.12259080407811843,3223.5,10.895972752454103,259996.2,448.1147670457251,74.33723429663243,0.08674446901085757,37.29743156879296,0.10807060582315854
0.2,stratified,GraphSAGE,0.5806061987630687,0.01155384749295788,0.41180237357631844,0.014424164324820646,154653.8,448.1147670457251,9337.5,10.895972752454103,0.824188497548632,0.0005119930597941668,682.9,7.27934673503666,13.674619880134435,0.13776513286817446,0.4170364409519614,0.0024927962990910673,0.00354796248022672,1.6516481322498103e-05,33.12541164583801,0.12259080407811843,3223.5,10.895972752454103,259996.2,448.1147670457251,74.33723429663243,0.08674446901085757,37.29743156879296,0.10807060582315854
0.3,blackhole,GAT,0.619166197251474,0.019892649430225118,0.4647977340135106,0.025478693609881573,163897.8,2657.0162797979074,8263.5,26.471158309039335,0.8647176513908794,0.0028687070849601226,698.7,15.549562337535065,11.831765917520396,0.24170681748455997,0.6107578113337412,0.0034575447105308662,0.004800988448154872,7.718931628899324e-05,39.66784364140724,0.627444312369106,4297.5,26.471158309039335,250752.2,2657.0162797979074,65.78695963697156,0.2107408511188539,39.526781623055584,0.6407853080424221
0.3,blackhole,GCN,0.5618770994657813,0.04353464424196483,0.3964840667726276,0.05233885042748562,163897.8,2657.0162797979074,8263.5,26.471158309039335,0.8647176513908794,0.0028687070849601226,698.7,15.549562337535065,11.831765917520396,0.24170681748455997,0.6107578113337412,0.0034575447105308662,0.004800988448154872,7.718931628899324e-05,39.66784364140724,0.627444312369106,4297.5,26.471158309039335,250752.2,2657.0162797979074,65.78695963697156,0.2107408511188539,39.526781623055584,0.6407853080424221
0.3,blackhole,GraphSAGE,0.6030964533731781,0.022553827018292373,0.44130275338557523,0.029193877289510586,163897.8,2657.0162797979074,8263.5,26.471158309039335,0.8647176513908794,0.0028687070849601226,698.7,15.549562337535065,11.831765917520396,0.24170681748455997,0.6107578113337412,0.0034575447105308662,0.004800988448154872,7.718931628899324e-05,39.66784364140724,0.627444312369106,4297.5,26.471158309039335,250752.2,2657.0162797979074,65.78695963697156,0.2107408511188539,39.526781623055584,0.6407853080424221
0.3,random,GAT,0.5822929424628891,0.01829941635895002,0.4143752957353855,0.021805011542697532,130757.6,1167.9552122310931,8155.5,9.360080721399315,0.8314365946041147,2.5738978847121684e-05,608.1,1.4491376746189437,13.4114887098654,0.022465463265346583,0.4237392119807299,0.0044435068023508635,0.003932264287266858,2.64259409702359e-05,32.06586312256533,0.25081375207026,4405.5,9.360080721399315,283892.4,1167.9552122310931,64.9271554812515,0.07451700279754235,31.534450741589296,0.2816725460583846
0.3,random,GCN,0.6276443775806194,0.006864736431838462,0.4734516737715329,0.008037004266076968,130757.6,1167.9552122310931,8155.5,9.360080721399315,0.8314365946041147,2.5738978847121684e-05,608.1,1.4491376746189437,13.4114887098654,0.022465463265346583,0.4237392119807299,0.0044435068023508635,0.003932264287266858,2.64259409702359e-05,32.06586312256533,0.25081375207026,4405.5,9.360080721399315,283892.4,1167.9552122310931,64.9271554812515,0.07451700279754235,31.534450741589296,0.2816725460583846
0.3,random,GraphSAGE,0.6034905124254231,0.008224107723775898,0.4376625918843103,0.009844120016791413,130757.6,1167.9552122310931,8155.5,9.360080721399315,0.8314365946041147,2.5738978847121684e-05,608.1,1.4491376746189437,13.4114887098654,0.022465463265346583,0.4237392119807299,0.0044435068023508635,0.003932264287266858,2.64259409702359e-05,32.06586312256533,0.25081375207026,4405.5,9.360080721399315,283892.4,1167.9552122310931,64.9271554812515,0.07451700279754235,31.534450741589296,0.2816725460583846
0.3,stratified,GAT,0.585580856723108,0.019997714249404202,0.4184973105047717,0.022401743309499993,123782.0,1074.7879377398647,8437.2,14.296852800529212,0.8217429239068534,0.0003585078159694131,407.3,5.6184220797895446,20.718166891220417,0.25995030675408676,0.360640023504461,0.002405445694033643,0.003478077596024269,2.5646401178881397e-05,29.341822008377374,0.23102558042873217,4123.8,14.296852800529212,290868.0,1074.7879377398647,67.16981132075472,0.11381938381123348,29.85216447606415,0.2592036507270874
0.3,stratified,GCN,0.5415508935346278,0.048478887440671095,0.3716964874288437,0.059931450336724125,123782.0,1074.7879377398647,8437.2,14.296852800529212,0.8217429239068534,0.0003585078159694131,407.3,5.6184220797895446,20.718166891220417,0.25995030675408676,0.360640023504461,0.002405445694033643,0.003478077596024269,2.5646401178881397e-05,29.341822008377374,0.23102558042873217,4123.8,14.296852800529212,290868.0,1074.7879377398647,67.16981132075472,0.11381938381123348,29.85216447606415,0.2592036507270874
0.3,stratified,GraphSAGE,0.5748004033113898,0.017305139120182857,0.41247525896617454,0.021724865478049655,123782.0,1074.7879377398647,8437.2,14.296852800529212,0.8217429239068534,0.0003585078159694131,407.3,5.6184220797895446,20.718166891220417,0.25995030675408676,0.360640023504461,0.002405445694033643,0.003478077596024269,2.5646401178881397e-05,29.341822008377374,0.23102558042873217,4123.8,14.296852800529212,290868.0,1074.7879377398647,67.16981132075472,0.11381938381123348,29.85216447606415,0.2592036507270874
0.4,blackhole,GAT,0.6153186993446352,0.012919029510355206,0.4631062418500271,0.017627156063061027,114311.4,1113.8766339032143,6778.9,19.4390786247131,0.8723555881600967,0.0023032140280788388,612.6,13.696714934611146,11.070458648221143,0.23354013953751662,0.6153333741202388,0.00345494796121986,0.004975939907558916,5.678558246168245e-05,33.72591155749896,0.34470145599647695,5782.1,19.4390786247131,300338.6,1113.8766339032145,53.96783695565639,0.15475741282312894,27.568165923067646,0.2686305640668555
0.4,blackhole,GCN,0.5530980429149159,0.036568977603343496,0.3887399935427177,0.0419596476495002,114311.4,1113.8766339032143,6778.9,19.4390786247131,0.8723555881600967,0.0023032140280788388,612.6,13.696714934611146,11.070458648221143,0.23354013953751662,0.6153333741202388,0.00345494796121986,0.004975939907558916,5.678558246168245e-05,33.72591155749896,0.34470145599647695,5782.1,19.4390786247131,300338.6,1113.8766339032145,53.96783695565639,0.15475741282312894,27.568165923067646,0.2686305640668555
0.4,blackhole,GraphSAGE,0.5916154343562667,0.020754887338812266,0.42975657028502423,0.025640564274203883,114311.4,1113.8766339032143,6778.9,19.4390786247131,0.8723555881600967,0.0023032140280788388,612.6,13.696714934611146,11.070458648221143,0.23354013953751662,0.6153333741202388,0.00345494796121986,0.004975939907558916,5.678558246168245e-05,33.72591155749896,0.34470145599647695,5782.1,19.4390786247131,300338.6,1113.8766339032145,53.96783695565639,0.15475741282312894,27.568165923067646,0.2686305640668555
0.4,random,GAT,0.5859385569347052,0.025574445427072014,0.4157170439658208,0.030597551305439966,92833.9,968.5764410836256,6818.4,8.60490816014003,0.8378088030197623,5.74813503790401e-05,531.0,2.309401076758503,12.840849033406787,0.044973532672918225,0.40271920189057236,0.0040015041664722235,0.003994175340339695,3.193356924709152e-05,27.230129071560164,0.2507947751522797,5742.6,8.60490816014003,321816.1,968.5764410836257,54.28230236446143,0.06850496107109356,22.388496322199444,0.23358891621454902
0.4,random,GCN,0.617839531487905,0.009225125260957716,0.4615061283360801,0.010017901518577337,92833.9,968.5764410836256,6818.4,8.60490816014003,0.8378088030197623,5.74813503790401e-05,531.0,2.309401076758503,12.840849033406787,0.044973532672918225,0.40271920189057236,0.0040015041664722235,0.003994175340339695,3.193356924709152e-05,27.230129071560164,0.2507947751522797,5742.6,8.60490816014003,321816.1,968.5764410836257,54.28230236446143,0.06850496107109356,22.388496322199444,0.23358891621454902
0.4,random,GraphSAGE,0.595117656162303,0.009136387261407815,0.4287268956738135,0.010972819888847149,92833.9,968.5764410836256,6818.4,8.60490816014003,0.8378088030197623,5.74813503790401e-05,531.0,2.309401076758503,12.840849033406787,0.044973532672918225,0.40271920189057236,0.0040015041664722235,0.003994175340339695,3.193356924709152e-05,27.230129071560164,0.2507947751522797,5742.6,8.60490816014003,321816.1,968.5764410836257,54.28230236446143,0.06850496107109356,22.388496322199444,0.23358891621454902
0.4,stratified,GAT,0.5452356880913598,0.021505135799497487,0.37958697713300327,0.025451924529585897,92027.0,726.5762940745528,7328.0,9.439868172337532,0.8169529610745394,0.0006692732501783125,223.6,2.4129281427805145,32.77600650275999,0.3310332680271432,0.2851211615487642,0.0027776277653970244,0.003427932681959777,2.4782577477356262e-05,25.116482360523342,0.1873984337603117,5233.0,9.439868172337532,322623.0,726.5762940745528,58.33930419552583,0.07515220262986679,22.193898468587967,0.17522640638479545
0.4,stratified,GCN,0.5095376281367259,0.03127718065767028,0.3399015775207187,0.03876396113632832,92027.0,726.5762940745528,7328.0,9.439868172337532,0.8169529610745394,0.0006692732501783125,223.6,2.4129281427805145,32.77600650275999,0.3310332680271432,0.2851211615487642,0.0027776277653970244,0.003427932681959777,2.4782577477356262e-05,25.116482360523342,0.1873984337603117,5233.0,9.439868172337532,322623.0,726.5762940745528,58.33930419552583,0.07515220262986679,22.193898468587967,0.17522640638479545
0.4,stratified,GraphSAGE,0.5497890450921303,0.011254927930775687,0.3839478730834189,0.014012384689610823,92027.0,726.5762940745528,7328.0,9.439868172337532,0.8169529610745394,0.0006692732501783125,223.6,2.4129281427805145,32.77600650275999,0.3310332680271432,0.2851211615487642,0.0027776277653970244,0.003427932681959777,2.4782577477356262e-05,25.116482360523342,0.1873984337603117,5233.0,9.439868172337532,322623.0,726.5762940745528,58.33930419552583,0.07515220262986679,22.193898468587967,0.17522640638479545
0.5,blackhole,GAT,0.599861415111561,0.03238940607062796,0.4470791234423273,0.0400873935267196,75282.3,622.4034150863178,5349.3,18.85647545716502,0.8785395653292639,0.0024283720399891247,551.2,7.345444544447637,9.706353658051832,0.1317158923565785,0.6119749090259793,0.004149245532094179,0.00526296732114214,6.404651052185259e-05,28.147106142837508,0.2755852269418587,7211.7,18.85647545716502,339367.7,622.4034150863178,42.58657750179126,0.15011922185466903,18.155625226094294,0.15010331968800708
0.5,blackhole,GCN,0.5396387921096979,0.03909924760759392,0.375465545920362,0.0460244154869845,75282.3,622.4034150863178,5349.3,18.85647545716502,0.8785395653292639,0.0024283720399891247,551.2,7.345444544447637,9.706353658051832,0.1317158923565785,0.6119749090259793,0.004149245532094179,0.00526296732114214,6.404651052185259e-05,28.147106142837508,0.2755852269418587,7211.7,18.85647545716502,339367.7,622.4034150863178,42.58657750179126,0.15011922185466903,18.155625226094294,0.15010331968800708
0.5,blackhole,GraphSAGE,0.5914537873713939,0.01995934168625371,0.4342880761838403,0.02592093104496011,75282.3,622.4034150863178,5349.3,18.85647545716502,0.8785395653292639,0.0024283720399891247,551.2,7.345444544447637,9.706353658051832,0.1317158923565785,0.6119749090259793,0.004149245532094179,0.00526296732114214,6.404651052185259e-05,28.147106142837508,0.2755852269418587,7211.7,18.85647545716502,339367.7,622.4034150863178,42.58657750179126,0.15011922185466903,18.155625226094294,0.15010331968800708
0.5,random,GAT,0.5701677489433761,0.022014815535460315,0.39273522820368434,0.024910619191771365,60814.8,859.1464498106375,5512.4,12.816655830077776,0.8445682697004493,0.00011977182584538583,468.0,3.9157800414902435,11.779193455700028,0.07554597793717892,0.3676946199399909,0.004527522512395441,0.004003295818508693,3.8862147953626274e-05,22.064192867224612,0.26272454678722684,7048.6,12.816655830077776,353835.2,859.1464498106374,43.88504099992039,0.1020353143068048,14.666538044133608,0.2071979862077992
0.5,random,GCN,0.5156574271556862,0.019858805666138634,0.3275433638359858,0.02387365893673646,60814.8,859.1464498106375,5512.4,12.816655830077776,0.8445682697004493,0.00011977182584538583,468.0,3.9157800414902435,11.779193455700028,0.07554597793717892,0.3676946199399909,0.004527522512395441,0.004003295818508693,3.8862147953626274e-05,22.064192867224612,0.26272454678722684,7048.6,12.816655830077776,353835.2,859.1464498106374,43.88504099992039,0.1020353143068048,14.666538044133608,0.2071979862077992
0.5,random,GraphSAGE,0.5645229762024342,0.009543998255739311,0.3888203918447099,0.01252939678937328,60814.8,859.1464498106375,5512.4,12.816655830077776,0.8445682697004493,0.00011977182584538583,468.0,3.9157800414902435,11.779193455700028,0.07554597793717892,0.3676946199399909,0.004527522512395441,0.004003295818508693,3.8862147953626274e-05,22.064192867224612,0.26272454678722684,7048.6,12.816655830077776,353835.2,859.1464498106374,43.88504099992039,0.1020353143068048,14.666538044133608,0.2071979862077992
0.5,stratified,GAT,0.5449419733110584,0.017812310594587256,0.38300138327937355,0.021001912085777688,62261.3,480.3952192379382,6104.3,5.355163655555055,0.810280224073429,0.00015413353912849088,126.3,1.4944341180973264,48.33794051406683,0.5830752809212475,0.2193369633505129,0.0019126625561914586,0.0033423041902584084,2.3553435312271615e-05,20.399116173592883,0.14968029491621015,6456.7,5.355163655555055,352388.7,480.3952192379382,48.597245442241864,0.04263325894081078,15.015386470517305,0.1158555936905673
0.5,stratified,GCN,0.5015510064495106,0.01228881565846032,0.3343740370074633,0.015771564594949255,62261.3,480.3952192379382,6104.3,5.355163655555055,0.810280224073429,0.00015413353912849088,126.3,1.4944341180973264,48.33794051406683,0.5830752809212475,0.2193369633505129,0.0019126625561914586,0.0033423041902584084,2.3553435312271615e-05,20.399116173592883,0.14968029491621015,6456.7,5.355163655555055,352388.7,480.3952192379382,48.597245442241864,0.04263325894081078,15.015386470517305,0.1158555936905673
0.5,stratified,GraphSAGE,0.5379042043076043,0.011620796966165253,0.376288019610567,0.014193202244730327,62261.3,480.3952192379382,6104.3,5.355163655555055,0.810280224073429,0.00015413353912849088,126.3,1.4944341180973264,48.33794051406683,0.5830752809212475,0.2193369633505129,0.0019126625561914586,0.0033423041902584084,2.3553435312271615e-05,20.399116173592883,0.14968029491621015,6456.7,5.355163655555055,352388.7,480.3952192379382,48.597245442241864,0.04263325894081078,15.015386470517305,0.1158555936905673
0.6,blackhole,GAT,0.6200666934567524,0.01909657193882801,0.47403654517109695,0.023016358739700208,44489.6,432.85465869683736,3901.6,20.543720316545503,0.8889256503812994,0.0022757865163715507,452.9,10.54566788359614,8.618512338295002,0.18665490662433196,0.6210329974541995,0.005744952077948723,0.005847159022877318,8.130298221855771e-05,22.80634443040464,0.2467913347200626,8659.4,20.543720316545503,370160.4,432.85465869683736,31.061221240347113,0.16355163057515698,10.72943446279995,0.10439036746577512
0.6,blackhole,GCN,0.541095979391807,0.029079182667742787,0.37572100067601,0.03700783749866218,44489.6,432.85465869683736,3901.6,20.543720316545503,0.8889256503812994,0.0022757865163715507,452.9,10.54566788359614,8.618512338295002,0.18665490662433196,0.6210329974541995,0.005744952077948723,0.005847159022877318,8.130298221855771e-05,22.80634443040464,0.2467913347200626,8659.4,20.543720316545503,370160.4,432.85465869683736,31.061221240347113,0.16355163057515698,10.72943446279995,0.10439036746577512
0.6,blackhole,GraphSAGE,0.5883208641297998,0.016060835802983217,0.43002791691735026,0.021793111724944688,44489.6,432.85465869683736,3901.6,20.543720316545503,0.8889256503812994,0.0022757865163715507,452.9,10.54566788359614,8.618512338295002,0.18665490662433196,0.6210329974541995,0.005744952077948723,0.005847159022877318,8.130298221855771e-05,22.80634443040464,0.2467913347200626,8659.4,20.543720316545503,370160.4,432.85465869683736,31.061221240347113,0.16355163057515698,10.72943446279995,0.10439036746577512
0.6,random,GAT,0.5693753928607397,0.01948376148537846,0.39843675508638904,0.024889450917136742,36625.3,828.8539678375196,4187.7,14.772722610721877,0.8519584872087961,7.241515533478735e-05,359.2,3.5213633723318014,11.659067768827855,0.07497164488071047,0.33108008911588793,0.009095204936659902,0.004177492701166772,6.628268215358469e-05,17.490782193021374,0.3368315027040884,8373.3,14.772722610721873,378024.7,828.8539678375196,33.33890613804633,0.11760785455554444,8.83282286265525,0.19989243165019188
0.6,random,GCN,0.6053978002261922,0.014593811790083075,0.44934154395264264,0.018312757553818056,36625.3,828.8539678375196,4187.7,14.772722610721877,0.8519584872087961,7.241515533478735e-05,359.2,3.5213633723318014,11.659067768827855,0.07497164488071047,0.33108008911588793,0.009095204936659902,0.004177492701166772,6.628268215358469e-05,17.490782193021374,0.3368315027040884,8373.3,14.772722610721873,378024.7,828.8539678375196,33.33890613804633,0.11760785455554444,8.83282286265525,0.19989243165019188
0.6,random,GraphSAGE,0.581318220505827,0.015460650647385806,0.4149181802968672,0.019843380511239923,36625.3,828.8539678375196,4187.7,14.772722610721877,0.8519584872087961,7.241515533478735e-05,359.2,3.5213633723318014,11.659067768827855,0.07497164488071047,0.33108008911588793,0.009095204936659902,0.004177492701166772,6.628268215358469e-05,17.490782193021374,0.3368315027040884,8373.3,14.772722610721873,378024.7,828.8539678375196,33.33890613804633,0.11760785455554444,8.83282286265525,0.19989243165019188
0.6,stratified,GAT,0.5169146235958114,0.016907478399372407,0.3520810515685539,0.021084794851476685,39238.1,444.4495846924973,4920.1,7.233410137841088,0.8037961075763068,0.0003173690413800751,66.0,1.4142135623730951,74.57761059150464,1.593117329640654,0.15119629905234155,0.001952758738051224,0.0032424393947625,3.0851888231849746e-05,15.949987732832408,0.1651690821107506,7640.9,7.233410137841088,375411.9,444.4495846924973,39.16965209776292,0.05758626015318026,9.46294465211624,0.10718668387615947
0.6,stratified,GCN,0.4607423622240055,0.007485663080877623,0.28769036597131664,0.008650451097101915,39238.1,444.4495846924973,4920.1,7.233410137841088,0.8037961075763068,0.0003173690413800751,66.0,1.4142135623730951,74.57761059150464,1.593117329640654,0.15119629905234155,0.001952758738051224,0.0032424393947625,3.0851888231849746e-05,15.949987732832408,0.1651690821107506,7640.9,7.233410137841088,375411.9,444.4495846924973,39.16965209776292,0.05758626015318026,9.46294465211624,0.10718668387615947
0.6,stratified,GraphSAGE,0.5052364881064728,0.015761635456499057,0.34294066670896445,0.01845087002728626,39238.1,444.4495846924973,4920.1,7.233410137841088,0.8037961075763068,0.0003173690413800751,66.0,1.4142135623730951,74.57761059150464,1.593117329640654,0.15119629905234155,0.001952758738051224,0.0032424393947625,3.0851888231849746e-05,15.949987732832408,0.1651690821107506,7640.9,7.233410137841088,375411.9,444.4495846924973,39.16965209776292,0.05758626015318026,9.46294465211624,0.10718668387615947
0.7,blackhole,GAT,0.5976104546515327,0.027039231195836583,0.4510919746599873,0.033349854391607286,21335.6,790.2030962564835,2552.8,24.119148685916205,0.8974674349479812,0.008191631974733765,333.8,7.269418439218123,7.65152617240966,0.20668994836284457,0.6351667725909812,0.006137819393371129,0.006549722618782361,0.00020497679603522848,16.713855171589522,0.5517860332678746,10008.2,24.1191486859162,393314.4,790.2030962564836,20.32322267335403,0.19201615067205013,5.145447968165922,0.19057110726069781
0.7,blackhole,GCN,0.5487495795556475,0.01869149316953567,0.39093177700882525,0.024503418686955773,21335.6,790.2030962564835,2552.8,24.119148685916205,0.8974674349479812,0.008191631974733765,333.8,7.269418439218123,7.65152617240966,0.20668994836284457,0.6351667725909812,0.006137819393371129,0.006549722618782361,0.00020497679603522848,16.713855171589522,0.5517860332678746,10008.2,24.1191486859162,393314.4,790.2030962564836,20.32322267335403,0.19201615067205013,5.145447968165922,0.19057110726069781
0.7,blackhole,GraphSAGE,0.5815699148359139,0.023202646089004908,0.42935437275848265,0.03093724082490802,21335.6,790.2030962564835,2552.8,24.119148685916205,0.8974674349479812,0.008191631974733765,333.8,7.269418439218123,7.65152617240966,0.20668994836284457,0.6351667725909812,0.006137819393371129,0.006549722618782361,0.00020497679603522848,16.713855171589522,0.5517860332678746,10008.2,24.1191486859162,393314.4,790.2030962564836,20.32322267335403,0.19201615067205013,5.145447968165922,0.19057110726069781
0.7,random,GAT,0.5274460484936877,0.023357343359144855,0.34040388154225515,0.02565472683786739,18457.9,87.9677339836728,2958.7,2.110818693198342,0.857365550134787,5.012246605552624e-05,288.2,0.9189365834726815,10.266213308539497,0.027894243928547554,0.29622613159517697,0.0008844633912913614,0.0042184742866898505,1.4836085425601842e-05,12.47700476057538,0.05149328341530229,9602.3,2.1108186931983415,396192.1,87.96773398367279,23.55465329193536,0.016804543373922228,4.4514409743156875,0.02121493644849232
0.7,random,GCN,0.49147230071555537,0.013085404489320007,0.2965493705123512,0.01705130392340726,18457.9,87.9677339836728,2958.7,2.110818693198342,0.857365550134787,5.012246605552624e-05,288.2,0.9189365834726815,10.266213308539497,0.027894243928547554,0.29622613159517697,0.0008844633912913614,0.0042184742866898505,1.4836085425601842e-05,12.47700476057538,0.05149328341530229,9602.3,2.1108186931983415,396192.1,87.96773398367279,23.55465329193536,0.016804543373922228,4.4514409743156875,0.02121493644849232
0.7,random,GraphSAGE,0.5512564946903058,0.008889824788923383,0.37168656494182933,0.01113303817460034,18457.9,87.9677339836728,2958.7,2.110818693198342,0.857365550134787,5.012246605552624e-05,288.2,0.9189365834726815,10.266213308539497,0.027894243928547554,0.29622613159517697,0.0008844633912913614,0.0042184742866898505,1.4836085425601842e-05,12.47700476057538,0.05149328341530229,9602.3,2.1108186931983415,396192.1,87.96773398367279,23.55465329193536,0.016804543373922228,4.4514409743156875,0.02121493644849232
0.7,stratified,GAT,0.5109136841702961,0.015450884443075194,0.3456191842198411,0.019820828537910062,20022.8,322.1479301328644,3660.9,4.748099034818508,0.7863420383514843,0.0005790453068501131,41.5,1.7159383568311668,88.35469006463975,3.7740326029692888,0.09149108648018336,0.0017649851845743985,0.0029887257634584425,4.192541949058991e-05,10.938575981770445,0.16451214667643393,8900.1,4.748099034818508,394627.2,322.1479301328644,29.14497253403392,0.037800326684329914,4.828843603038708,0.07769153023824055
0.7,stratified,GCN,0.46767116014778154,0.01659048449395819,0.29395071040784637,0.022097260797117248,20022.8,322.1479301328644,3660.9,4.748099034818508,0.7863420383514843,0.0005790453068501131,41.5,1.7159383568311668,88.35469006463975,3.7740326029692888,0.09149108648018336,0.0017649851845743985,0.0029887257634584425,4.192541949058991e-05,10.938575981770445,0.16451214667643393,8900.1,4.748099034818508,394627.2,322.1479301328644,29.14497253403392,0.037800326684329914,4.828843603038708,0.07769153023824055
0.7,stratified,GraphSAGE,0.5326190310996759,0.0142231123542391,0.37576307209634324,0.018212287631117922,20022.8,322.1479301328644,3660.9,4.748099034818508,0.7863420383514843,0.0005790453068501131,41.5,1.7159383568311668,88.35469006463975,3.7740326029692888,0.09149108648018336,0.0017649851845743985,0.0029887257634584425,4.192541949058991e-05,10.938575981770445,0.16451214667643393,8900.1,4.748099034818508,394627.2,322.1479301328644,29.14497253403392,0.037800326684329914,4.828843603038708,0.07769153023824055
0.8,blackhole,GAT,0.6118795482430597,0.030225114083104437,0.4768313201274588,0.03987822676166186,7481.8,104.86795930544702,1305.3,18.487533337059567,0.901219104784678,0.0037489286666977767,227.2,4.541169697580373,5.746018423677968,0.06645623451670041,0.6689434703623715,0.013095084344801602,0.008791616085575825,0.00017871460143181956,11.464261429934153,0.1138294654161963,11255.7,18.487533337059567,407168.2,104.86795930544702,10.39168855982804,0.14718201844645837,1.8043651272157242,0.025290717305063787
0.8,blackhole,GCN,0.5610809541181957,0.030209999607666443,0.4106320651854098,0.03853861876696361,7481.8,104.86795930544702,1305.3,18.487533337059567,0.901219104784678,0.0037489286666977767,227.2,4.541169697580373,5.746018423677968,0.06645623451670041,0.6689434703623715,0.013095084344801602,0.008791616085575825,0.00017871460143181956,11.464261429934153,0.1138294654161963,11255.7,18.487533337059567,407168.2,104.86795930544702,10.39168855982804,0.14718201844645837,1.8043651272157242,0.025290717305063787
0.8,blackhole,GraphSAGE,0.5870758702835407,0.03466806542939011,0.4434269482020796,0.04310513492715375,7481.8,104.86795930544702,1305.3,18.487533337059567,0.901219104784678,0.0037489286666977767,227.2,4.541169697580373,5.746018423677968,0.06645623451670041,0.6689434703623715,0.013095084344801602,0.008791616085575825,0.00017871460143181956,11.464261429934153,0.1138294654161963,11255.7,18.487533337059567,407168.2,104.86795930544702,10.39168855982804,0.14718201844645837,1.8043651272157242,0.025290717305063787
0.8,random,GAT,0.5498308707925913,0.013862869362082681,0.37435168308459377,0.01594329929669808,6654.8,63.537915189803535,1724.7,4.001388647846034,0.8639153651112632,0.00010783378009375532,182.1,0.5676462121975467,9.47121551274255,0.02401035348082921,0.2170444939580986,0.0032361068809442645,0.00447691578820847,2.2533553756645775e-05,7.716937381773727,0.05615156806016241,10836.3,4.001388647846034,407995.2,63.53791518980354,13.730594697874372,0.03185565359323277,1.6049198118895451,0.015323264244496176
0.8,random,GCN,0.5156404797668379,0.019276848239703055,0.3303425955539262,0.026208861022437368,6654.8,63.537915189803535,1724.7,4.001388647846034,0.8639153651112632,0.00010783378009375532,182.1,0.5676462121975467,9.47121551274255,0.02401035348082921,0.2170444939580986,0.0032361068809442645,0.00447691578820847,2.2533553756645775e-05,7.716937381773727,0.05615156806016241,10836.3,4.001388647846034,407995.2,63.53791518980354,13.730594697874372,0.03185565359323277,1.6049198118895451,0.015323264244496176
0.8,random,GraphSAGE,0.557081489837149,0.014921680775121479,0.3850131611343892,0.021354140602992587,6654.8,63.537915189803535,1724.7,4.001388647846034,0.8639153651112632,0.00010783378009375532,182.1,0.5676462121975467,9.47121551274255,0.02401035348082921,0.2170444939580986,0.0032361068809442645,0.00447691578820847,2.2533553756645775e-05,7.716937381773727,0.05615156806016241,10836.3,4.001388647846034,407995.2,63.53791518980354,13.730594697874372,0.03185565359323277,1.6049198118895451,0.015323264244496176
0.8,stratified,GAT,0.4796783221797898,0.0232610716952388,0.30738377333119654,0.029830791686907686,7067.3,75.24781281428274,2296.5,5.835713800003866,0.7517251646546889,0.0006965391549727058,47.0,0.6666666666666666,48.869372494603766,0.6063518805712758,0.036597042320161886,0.0002620267510441721,0.0026811835027836265,1.5279780645649828e-05,6.154732620889645,0.05016126074971543,10264.5,5.835713800003866,407582.7,75.24781281428274,18.28278003343683,0.04645899052626251,1.7044013023031472,0.018147308046372317
0.8,stratified,GCN,0.4278948138800778,0.02520474367305416,0.24357578938452024,0.03161116997364985,7067.3,75.24781281428274,2296.5,5.835713800003866,0.7517251646546889,0.0006965391549727058,47.0,0.6666666666666666,48.869372494603766,0.6063518805712758,0.036597042320161886,0.0002620267510441721,0.0026811835027836265,1.5279780645649828e-05,6.154732620889645,0.05016126074971543,10264.5,5.835713800003866,407582.7,75.24781281428274,18.28278003343683,0.04645899052626251,1.7044013023031472,0.018147308046372317
0.8,stratified,GraphSAGE,0.47642929528843087,0.023520509920084694,0.30691825587608035,0.031391737600589546,7067.3,75.24781281428274,2296.5,5.835713800003866,0.7517251646546889,0.0006965391549727058,47.0,0.6666666666666666,48.869372494603766,0.6063518805712758,0.036597042320161886,0.0002620267510441721,0.0026811835027836265,1.5279780645649828e-05,6.154732620889645,0.05016126074971543,10264.5,5.835713800003866,407582.7,75.24781281428274,18.28278003343683,0.04645899052626251,1.7044013023031472,0.018147308046372317
0.9,blackhole,GAT,0.7936853869284217,0.04021563470414408,0.7222561362450863,0.05382725359591012,1011.4,14.276632033579284,300.8,12.673682267684567,0.6284117939368546,0.019960362309554183,81.3,6.325433669805661,3.709874835389183,0.15193710240529015,0.48509370246472194,0.02811482736573746,0.022536961032893623,0.0019211336840202111,6.735136596315664,0.2927198766736888,12260.2,12.673682267684566,413638.6,14.276632033579284,2.3947137966722396,0.10089708038917737,0.24391655613167731,0.0034430560794837376
0.9,blackhole,GCN,0.7689883564387727,0.04686400563967839,0.6886867235864523,0.06463478658060863,1011.4,14.276632033579284,300.8,12.673682267684567,0.6284117939368546,0.019960362309554183,81.3,6.325433669805661,3.709874835389183,0.15193710240529015,0.48509370246472194,0.02811482736573746,0.022536961032893623,0.0019211336840202111,6.735136596315664,0.2927198766736888,12260.2,12.673682267684566,413638.6,14.276632033579284,2.3947137966722396,0.10089708038917737,0.24391655613167731,0.0034430560794837376
0.9,blackhole,GraphSAGE,0.7863355457529396,0.0361787893968152,0.7128271704671663,0.04825150517451892,1011.4,14.276632033579284,300.8,12.673682267684567,0.6284117939368546,0.019960362309554183,81.3,6.325433669805661,3.709874835389183,0.15193710240529015,0.48509370246472194,0.02811482736573746,0.022536961032893623,0.0019211336840202111,6.735136596315664,0.2927198766736888,12260.2,12.673682267684566,413638.6,14.276632033579284,2.3947137966722396,0.10089708038917737,0.24391655613167731,0.0034430560794837376
0.9,random,GAT,0.5300618921308577,0.042269317431614856,0.3516478388718071,0.054793682070390176,950.8,15.454592988637534,581.3,4.78539444560216,0.8319188408273263,0.00124982398346992,79.9,1.728840330651992,7.277270709438946,0.09986878834309906,0.07357271575228333,0.002166827723858296,0.005636957761355785,2.345843750320257e-05,3.2711074964111027,0.02787899010980418,11979.7,4.78539444560216,413699.2,15.454592988637534,4.627816256667463,0.03809724102859743,0.22930182081273368,0.003727141683018822
0.9,random,GCN,0.5199875616298761,0.06183927617997223,0.34418470434935305,0.08479577444026236,950.8,15.454592988637534,581.3,4.78539444560216,0.8319188408273263,0.00124982398346992,79.9,1.728840330651992,7.277270709438946,0.09986878834309906,0.07357271575228333,0.002166827723858296,0.005636957761355785,2.345843750320257e-05,3.2711074964111027,0.02787899010980418,11979.7,4.78539444560216,413699.2,15.454592988637534,4.627816256667463,0.03809724102859743,0.22930182081273368,0.003727141683018822
0.9,random,GraphSAGE,0.5221723938117859,0.020014910694572494,0.33873182710135097,0.024555588547159446,950.8,15.454592988637534,581.3,4.78539444560216,0.8319188408273263,0.00124982398346992,79.9,1.728840330651992,7.277270709438946,0.09986878834309906,0.07357271575228333,0.002166827723858296,0.005636957761355785,2.345843750320257e-05,3.2711074964111027,0.02787899010980418,11979.7,4.78539444560216,413699.2,15.454592988637534,4.627816256667463,0.03809724102859743,0.22930182081273368,0.003727141683018822
0.9,stratified,GAT,0.5033596355865594,0.03704418316451699,0.3340067385472857,0.048240687156236244,999.5,16.112452051475934,847.4,5.94792213951879,0.7848403786303907,0.004743154434798601,91.4,1.0749676997731399,9.27249104015524,0.12726148637690407,0.0022190925930984182,0.00020017583378432492,0.0027868793867516896,7.740455196665616e-06,2.3588453700793366,0.021821081126284367,11713.6,5.94792213951879,413650.5,16.112452051475934,6.746278162566675,0.047352297902386827,0.24104666586277582,0.0038857957437539907
0.9,stratified,GCN,0.46151604280750014,0.030955965221599987,0.2788990929209988,0.039303629281036756,999.5,16.112452051475934,847.4,5.94792213951879,0.7848403786303907,0.004743154434798601,91.4,1.0749676997731399,9.27249104015524,0.12726148637690407,0.0022190925930984182,0.00020017583378432492,0.0027868793867516896,7.740455196665616e-06,2.3588453700793366,0.021821081126284367,11713.6,5.94792213951879,413650.5,16.112452051475934,6.746278162566675,0.047352297902386827,0.24104666586277582,0.0038857957437539907
0.9,stratified,GraphSAGE,0.5144604282515612,0.02801710179466452,0.35289547907184227,0.03786681698414251,999.5,16.112452051475934,847.4,5.94792213951879,0.7848403786303907,0.004743154434798601,91.4,1.0749676997731399,9.27249104015524,0.12726148637690407,0.0022190925930984182,0.00020017583378432492,0.0027868793867516896,7.740455196665616e-06,2.3588453700793366,0.021821081126284367,11713.6,5.94792213951879,413650.5,16.112452051475934,6.746278162566675,0.047352297902386827,0.24104666586277582,0.0038857957437539907
